P,-9,-8.9,-8.8,-8.7,-8.6,-8.5,-8.4,-8.3,-8.2,-8.1,-8,-7.9,-7.8,-7.7,-7.6,-7.5,-7.4,-7.3,-7.2,-7.1,-7,-6.9,-6.8,-6.7,-6.6,-6.5,-6.4,-6.3,-6.2,-6.1,-6,-5.9,-5.8,-5.7,-5.6,-5.5,-5.4,-5.3,-5.2,-5.1,-5,-4.9,-4.8,-4.7,-4.6,-4.5,-4.4,-4.3,-4.2,-4.1,-4,-3.9,-3.8,-3.7,-3.6,-3.5,-3.4,-3.3,-3.2,-3.1,-3,-2.9,-2.8,-2.7,-2.6,-2.5,-2.4,-2.3,-2.2,-2.1,-2,-1.9,-1.8,-1.7,-1.6,-1.5,-1.4,-1.3,-1.2,-1.1,-1,-0.9,-0.8,-0.7,-0.6,-0.5,-0.4,-0.3,-0.2,-0.1,0.0,0.1,0.2,0.3,0.4,0.5,0.6,0.7,0.8,0.9,1,1.1,1.2,1.3,1.4,1.5,1.6,1.7,1.8,1.9,2,2.1,2.2,2.3,2.4,2.5,2.6,2.7,2.8,2.9,3,3.1,3.2,3.3,3.4,3.5,3.6,3.7,3.8,3.9,4,4.1,4.2,4.3,4.4,4.5,4.6,4.7,4.8,4.9,5,5.1,5.2,5.3,5.4,5.5,5.6,5.7,5.8,5.9,6,6.1,6.2,6.3,6.4,6.5,6.6,6.7,6.8,6.9,7,7.1,7.2,7.3,7.4,7.5,7.6,7.7,7.8,7.9,8,8.1,8.2,8.3,8.4,8.5,8.6,8.7,8.8,8.9,9
0.9999,-20.53356,-20.3942,-20.25402,-20.113,-19.97115,-19.82845,-19.68489,-19.54046,-19.39571,-19.24898,-19.10191,-18.95393,-18.80504,-18.65522,-18.50447,-18.35278,-18.20013,-18.04652,-17.89193,-17.73636,-17.57979,-17.42221,-17.26361,-17.10397,-16.94329,-16.78156,-16.61875,-16.45487,-16.28989,-16.1238,-15.9566,-15.78826,-15.61878,-15.44813,-15.27632,-15.10332,-14.92912,-14.7537,-14.57706,-14.39918,-14.22004,-14.03963,-13.85794,-13.67495,-13.49066,-13.30504,-13.11808,-12.92977,-12.7401,-12.54906,-12.35663,-12.1628,-11.96757,-11.77092,-11.57284,-11.37334,-11.17239,-10.97001,-10.76618,-10.5609,-10.35418,-10.14602,-9.93643,-9.72543,-9.51301,-9.2992,-9.08403,-8.86753,-8.64971,-8.43064,-8.21034,-7.98888,-7.76632,-7.54272,-7.31818,-7.09277,-6.86661,-6.6398,-6.41249,-6.1848,-5.95691,-5.72899,-5.50124,-5.27389,-5.04718,-4.82141,-4.59687,-4.37394,-4.15301,-3.93453,-3.71902,-3.50703,-3.29921,-3.09631,-2.89907,-2.70836,-2.52507,-2.35015,-2.18448,-2.02891,-1.8841,-1.75053,-1.62838,-1.51752,-1.41753,-1.32774,-1.23728,-1.1752,-1.11054,-1.05239,-0.9999,-0.95234,-0.90908,-0.86956,-0.83333,-0.8,-0.76923,-0.74074,-0.71429,-0.68966,-0.66667,-0.64516,-0.625,-0.60606,-0.58824,-0.57143,-0.55556,-0.54054,-0.52632,-0.51282,-0.5,-0.4878,-0.47619,-0.46512,-0.45455,-0.44444,-0.43478,-0.42553,-0.41667,-0.40816,-0.4,-0.39216,-0.38462,-0.37736,-0.37037,-0.36364,-0.35714,-0.35088,-0.34483,-0.33898,-0.33333,-0.32787,-0.32258,-0.31746,-0.3125,-0.30769,-0.30303,-0.29851,-0.29412,-0.28986,-0.28571,-0.28169,-0.27778,-0.27397,-0.27027,-0.26667,-0.26316,-0.25974,-0.25641,-0.25316,-0.25,-0.24691,-0.2439,-0.24096,-0.2381,-0.23529,-0.23256,-0.22989,-0.22727,-0.22472,-0.22222
0.9995,-14.52288,-14.44446,-14.36528,-14.28534,-14.20463,-14.12314,-14.04086,-13.95778,-13.87389,-13.78919,-13.70366,-13.6173,-13.53009,-13.44202,-13.35309,-13.26328,-13.17258,-13.08098,-12.98848,-12.89505,-12.80069,-12.70539,-12.60913,-12.5119,-12.4137,-12.3145,-12.21429,-12.11307,-12.01082,-11.90752,-11.80316,-11.69773,-11.59122,-11.4836,-11.37487,-11.26502,-11.15402,-11.04186,-10.92853,-10.8141,-10.69829,-10.58135,-10.46318,-10.34375,-10.22307,-10.1011,-9.97784,-9.85326,-9.72737,-9.60013,-9.47154,-9.34158,-9.21023,-9.0775,-8.94335,-8.80779,-8.67079,-8.53236,-8.39248,-8.25115,-8.10836,-7.96411,-7.81839,-7.67121,-7.52258,-7.3725,-7.22098,-7.06804,-6.9137,-6.75798,-6.6009,-6.44251,-6.28285,-6.12196,-5.9599,-5.79673,-5.63252,-5.46735,-5.3013,-5.13449,-4.96701,-4.79899,-4.63057,-4.46189,-4.29311,-4.12443,-3.95605,-3.7882,-3.62113,-3.45513,-3.29053,-3.12767,-2.96698,-2.80889,-2.6539,-2.50257,-2.35549,-2.21328,-2.07661,-1.94611,-1.82241,-1.70603,-1.59738,-1.49673,-1.40413,-1.31944,-1.24235,-1.1724,-1.10901,-1.05159,-0.9995,-0.95215,-0.90899,-0.86952,-0.83331,-0.79999,-0.76923,-0.74074,-0.71429,-0.68966,-0.66667,-0.64516,-0.625,-0.60606,-0.58824,-0.57143,-0.55556,-0.54054,-0.52632,-0.51282,-0.5,-0.4878,-0.47619,-0.46512,-0.45455,-0.44444,-0.43478,-0.42553,-0.41667,-0.40816,-0.4,-0.39216,-0.38462,-0.37736,-0.37037,-0.36364,-0.35714,-0.35088,-0.34483,-0.33898,-0.33333,-0.32787,-0.32258,-0.31746,-0.3125,-0.30769,-0.30303,-0.29851,-0.29412,-0.28986,-0.28571,-0.28169,-0.27778,-0.27397,-0.27027,-0.26667,-0.26316,-0.25974,-0.25641,-0.25316,-0.25,-0.24691,-0.2439,-0.24096,-0.2381,-0.23529,-0.23256,-0.22989,-0.22727,-0.22472,-0.22222
0.9990,-12.04437,-11.99009,-11.93509,-11.87938,-11.82294,-11.76576,-11.70785,-11.64917,-11.58974,-11.52953,-11.46855,-11.40677,-11.34419,-11.2808,-11.21658,-11.15154,-11.08565,-11.0189,-10.95129,-10.88281,-10.81343,-10.74316,-10.67197,-10.59986,-10.52681,-10.45281,-10.37785,-10.30192,-10.22499,-10.14706,-10.06812,-9.98815,-9.90713,-9.82505,-9.7419,-9.65766,-9.57232,-9.48586,-9.39827,-9.30952,-9.21961,-9.12852,-9.03623,-8.94273,-8.848,-8.75202,-8.65479,-8.55627,-8.45646,-8.35534,-8.25289,-8.1491,-8.04395,-7.93744,-7.82954,-7.72024,-7.60953,-7.49739,-7.38382,-7.26881,-7.15235,-7.03443,-6.91505,-6.79421,-6.67191,-6.54814,-6.42292,-6.29626,-6.16816,-6.03865,-5.90776,-5.77549,-5.6419,-5.50701,-5.37087,-5.23353,-5.09505,-4.95549,-4.81492,-4.67344,-4.53112,-4.38807,-4.24439,-4.10022,-3.95567,-3.8109,-3.66608,-3.52139,-3.37703,-3.23322,-3.09023,-2.94834,-2.80786,-2.66915,-2.53261,-2.39867,-2.2678,-2.14053,-2.01739,-1.89894,-1.78572,-1.67825,-1.57695,-1.48216,-1.39408,-1.31275,-1.23805,-1.16974,-1.10743,-1.05068,-0.999,-0.95188,-0.90885,-0.86945,-0.83328,-0.79998,-0.76922,-0.74074,-0.71428,-0.68965,-0.66667,-0.64516,-0.625,-0.60606,-0.58824,-0.57143,-0.55556,-0.54054,-0.52632,-0.51282,-0.5,-0.4878,-0.47619,-0.46512,-0.45455,-0.44444,-0.43478,-0.42553,-0.41667,-0.40816,-0.4,-0.39216,-0.38462,-0.37736,-0.37037,-0.36364,-0.35714,-0.35088,-0.34483,-0.33898,-0.33333,-0.32787,-0.32258,-0.31746,-0.3125,-0.30769,-0.30303,-0.29851,-0.29412,-0.28986,-0.28571,-0.28169,-0.27778,-0.27397,-0.27027,-0.26667,-0.26316,-0.25974,-0.25641,-0.25316,-0.25,-0.24691,-0.2439,-0.24096,-0.2381,-0.23529,-0.23256,-0.22989,-0.22727,-0.22472,-0.22222
0.9980,-9.65701,-9.62504,-9.59243,-9.55915,-9.52521,-9.4906,-9.4553,-9.41931,-9.38262,-9.34521,-9.30709,-9.26823,-9.22863,-9.18828,-9.14717,-9.10528,-9.06261,-9.01915,-8.97488,-8.92979,-8.88387,-8.83711,-8.7895,-8.74102,-8.69167,-8.64142,-8.59027,-8.5382,-8.48519,-8.43125,-8.37634,-8.32046,-8.26359,-8.20572,-8.14683,-8.08691,-8.02594,-7.9639,-7.90078,-7.83657,-7.77124,-7.70479,-7.63718,-7.56842,-7.49847,-7.42733,-7.35497,-7.28138,-7.20654,-7.13043,-7.05304,-6.97435,-6.89435,-6.81301,-6.73032,-6.64627,-6.56084,-6.47401,-6.38578,-6.29613,-6.20506,-6.11254,-6.01858,-5.92316,-5.82629,-5.72796,-5.62818,-5.52694,-5.42426,-5.32014,-5.21461,-5.10768,-4.99937,-4.88971,-4.77875,-4.66651,-4.55304,-4.43839,-4.32263,-4.20582,-4.08802,-3.96932,-3.84981,-3.72957,-3.60872,-3.48737,-3.36566,-3.24371,-2.12169,-2.99978,-2.87816,-2.75706,-2.63672,-2.51741,-2.39942,-2.28311,-2.16884,-2.05701,-1.94806,-1.84244,-1.74062,-1.64305,-1.55016,-1.46232,-1.37981,-1.30279,-1.23132,-1.16534,-1.10465,-1.04898,-0.998,-0.95131,-0.90854,-0.86929,-0.8332,-0.79994,-0.7692,-0.74073,-0.71428,-0.68965,-0.66667,-0.64516,-0.625,-0.60606,-0.58824,-0.57143,-0.55556,-0.54054,-0.52632,-0.51282,-0.5,-0.4878,-0.47619,-0.46512,-0.45455,-0.44444,-0.43478,-0.42553,-0.41667,-0.40816,-0.4,-0.39216,-0.38462,-0.37736,-0.37037,-0.36364,-0.35714,-0.35088,-0.34483,-0.33898,-0.33333,-0.32787,-0.32258,-0.31746,-0.3125,-0.30769,-0.30303,-0.29851,-0.29412,-0.28986,-0.28571,-0.28169,-0.27778,-0.27397,-0.27027,-0.26667,-0.26316,-0.25974,-0.25641,-0.25316,-0.25,-0.24691,-0.2439,-0.24096,-0.2381,-0.23529,-0.23256,-0.22989,-0.22727,-0.22472,-0.22222
0.9950,-6.68763,-6.6813,-6.67443,-6.66703,-6.65907,-6.65056,-6.64148,-6.63183,-6.62159,-6.61075,-6.59931,-6.58725,-6.57456,-6.56124,-6.54727,-6.53264,-6.51735,-6.50137,-6.4847,-6.46733,-6.44924,-6.43042,-6.41086,-6.39055,-6.36948,-6.34762,-6.32497,-6.30151,-6.27723,-6.25212,-6.22616,-6.19933,-6.17162,-6.14302,-6.11351,-6.08307,-6.05169,-6.01934,-5.98602,-5.95171,-5.91639,-5.88004,-5.84265,-5.80418,-5.76464,-5.724,-5.68224,-5.63934,-5.59528,-5.55005,-5.50362,-5.45598,-5.40711,-5.35698,-5.30559,-5.25291,-5.19892,-5.14362,-5.08697,-5.02897,-4.96959,-4.90884,-4.84669,-4.78313,-4.71815,-4.65176,-4.45393,-4.51467,-4.44398,-4.37186,-4.29832,-4.22336,-4.147,-4.06926,-3.99016,-3.90973,-3.82798,-3.74497,-3.66073,-3.5753,-3.48874,-3.40109,-3.31243,-3.22281,-3.13232,-3.04102,-2.949,-2.85636,-2.76321,-2.66965,-2.57583,-2.48187,-2.38795,-2.29423,-2.20092,-2.10825,-2.01644,-1.9258,-1.8366,-1.74919,-1.6639,-1.5811,-1.50114,-1.42439,-1.35114,-1.28167,-1.21618,-1.15477,-1.09749,-1.04427,-0.99499,-0.94945,-0.90742,-0.86863,-0.83283,-0.79973,-0.76909,-0.74067,-0.71425,-0.68964,-0.66666,-0.64516,-0.625,-0.60606,-0.58824,-0.57143,-0.55556,-0.54054,-0.52632,-0.51282,-0.5,-0.4878,-0.47619,-0.46512,-0.45455,-0.44444,-0.43478,-0.42553,-0.41667,-0.40816,-0.4,-0.39216,-0.38462,-0.37736,-0.37037,-0.36364,-0.35714,-0.35088,-0.34483,-0.33898,-0.33333,-0.32787,-0.32258,-0.31746,-0.3125,-0.30769,-0.30303,-0.29851,-0.29412,-0.28986,-0.28571,-0.28169,-0.27778,-0.27397,-0.27027,-0.26667,-0.26316,-0.25974,-0.25641,-0.25316,-0.25,-0.24691,-0.2439,-0.24096,-0.2381,-0.23529,-0.23256,-0.22989,-0.22727,-0.22472,-0.22222
0.9900,-4.63541,-4.64429,-4.65277,-4.66085,-4.6685,-4.67573,-4.68252,-4.68887,-4.69476,-4.70019,-4.70514,-4.70961,-4.71358,-4.71704,-4.71998,-4.7224,-4.72427,-4.72559,-4.72635,-4.72653,-4.72613,-4.72512,-4.7235,-4.72125,-4.71836,-4.71482,-4.71061,-4.70571,-4.70013,-4.69382,-4.6868,-4.67903,-4.6705,-4.6612,-4.65111,-4.64022,-4.6285,-4.61594,-4.60252,-4.58823,-4.57304,-4.55694,-4.5399,-4.52192,-4.50297,-4.48303,-4.46207,-4.44009,-4.41706,-4.39296,-4.36777,-4.34147,-4.31403,-4.28545,-4.25569,-4.22473,-4.19257,-4.15917,-4.12452,-4.08859,-4.05138,-4.01286,-3.97301,-3.93183,-3.8893,-3.8454,-3.80013,-3.75347,-3.70543,-3.656,-3.60517,-3.55295,-3.49935,-3.44438,-3.38804,-3.33035,-3.27134,-3.21103,-3.14944,-3.0866,-3.02256,-2.95735,-2.89101,-2.82359,-2.75514,-2.68572,-2.61539,-2.54421,-2.47226,-2.39961,-2.32635,-2.25258,-2.1784,-2.10394,-2.02933,-1.95472,-1.88029,-1.80621,-1.73271,-1.66001,-1.58838,-1.51808,-1.44942,-1.38267,-1.31815,-1.25611,-1.1968,-1.14042,-1.08711,-1.03695,-0.98995,-0.94607,-0.90521,-0.86723,-0.83196,-0.79921,-0.76878,-0.74049,-0.71415,-0.68959,-0.66663,-0.64514,-0.62499,-0.60606,-0.58823,-0.57143,-0.55556,-0.54054,-0.52632,-0.51282,-0.5,-0.4878,-0.47619,-0.46512,-0.45455,-0.44444,-0.43478,-0.42553,-0.41667,-0.40816,-0.4,-0.39216,-0.38462,-0.37736,-0.37037,-0.36364,-0.35714,-0.35088,-0.34483,-0.33898,-0.33333,-0.32787,-0.32258,-0.31746,-0.3125,-0.30769,-0.30303,-0.29851,-0.29412,-0.28986,-0.28571,-0.28169,-0.27778,-0.27397,-0.27027,-0.26667,-0.26316,-0.25974,-0.25641,-0.25316,-0.25,-0.24691,-0.2439,-0.24096,-0.2381,-0.23529,-0.23256,-0.22989,-0.22727,-0.22472,-0.22222
0.9800,-2.82035,-2.83919,-2.85782,-2.87622,-2.8944,-2.91234,-2.93002,-2.94746,-2.96462,-2.9815,-2.9981,-3.01439,-3.03038,-3.04604,-3.06137,-3.07636,-3.09099,-3.10525,-3.11914,-3.13263,-3.14572,-3.15838,-3.17062,-3.18241,-3.19374,-3.2046,-3.21497,-3.22484,-3.23419,-3.24301,-3.25128,-3.25898,-3.2661,-3.27263,-3.27854,-3.28381,-3.28844,-3.2924,-3.29567,-3.29823,-3.30007,-3.30116,-3.30149,-3.30103,-3.29976,-3.29767,-3.29473,-3.29092,-3.28622,-3.2806,-3.27404,-3.26653,-3.25803,-3.24853,-3.238,-3.22641,-3.21375,-3.2,-3.18512,-3.16911,-3.15193,-3.13356,-3.11399,-3.0932,-3.07116,-3.04787,-3.0233,-2.99744,-2.97028,-2.94181,-2.91202,-2.88091,-2.84848,-2.81471,-2.77964,-2.74325,-2.70556,-2.66657,-2.62631,-2.5848,-2.54206,-2.49811,-2.45298,-2.4067,-2.35931,-2.31084,-2.26133,-2.21081,-2.15935,-2.10697,-2.05375,-1.99973,-1.94499,-1.88959,-1.83361,-1.77716,-1.72033,-1.66325,-1.60604,-1.54886,-1.49188,-1.43529,-1.37929,-1.32412,-1.26999,-1.21716,-1.16584,-1.11628,-1.06864,-1.02311,-0.9798,-0.93878,-0.90009,-0.86371,-0.82959,-0.79765,-0.76779,-0.73987,-0.71377,-0.68935,-0.66649,-0.64507,-0.62495,-0.60603,-0.58822,-0.57142,-0.55555,-0.54054,-0.52631,-0.51282,-0.5,-0.4878,-0.47619,-0.46512,-0.45455,-0.44444,-0.43478,-0.42553,-0.41667,-0.40816,-0.4,-0.39216,-0.38462,-0.37736,-0.37037,-0.36364,-0.35714,-0.35088,-0.34483,-0.33898,-0.33333,-0.32787,-0.32258,-0.31746,-0.3125,-0.30769,-0.30303,-0.29851,-0.29412,-0.28986,-0.28571,-0.28169,-0.27778,-0.27397,-0.27027,-0.26667,-0.26316,-0.25974,-0.25641,-0.25316,-0.25,-0.24691,-0.2439,-0.24096,-0.2381,-0.23529,-0.23256,-0.22989,-0.22727,-0.22472,-0.22222
0.9750,-2.30138,-2.32197,-2.34242,-2.36273,-2.38288,-2.40287,-2.42268,-2.44231,-2.46175,-2.48099,-2.50001,-2.51881,-2.53737,-2.55569,-2.57375,-2.59154,-2.60905,-2.62626,-2.64317,-2.65977,-2.67603,-2.69195,-2.70751,-2.7227,-2.73751,-2.75191,-2.76591,-2.77947,-2.79259,-2.80525,-2.81743,-2.82912,-2.8403,-2.85096,-2.86107,-2.87062,-2.87959,-2.88796,-2.89572,-2.90283,-2.9093,-2.91508,-2.92017,-2.92455,-2.92818,-2.93105,-2.93314,-2.93443,-2.93489,-2.9345,-2.93324,-2.93107,-2.92799,-2.92397,-2.91898,-2.91299,-2.90599,-2.89795,-2.88884,-2.87865,-2.86735,-2.85492,-2.84134,-2.82658,-2.81062,-2.79345,-2.77506,-2.75541,-2.73451,-2.71234,-2.68888,-2.66413,-2.6381,-2.61076,-2.58214,-2.55222,-2.52102,-2.48855,-2.45482,-2.41984,-2.38364,-2.34623,-2.30764,-2.2679,-2.22702,-2.18505,-2.14202,-2.09795,-2.0529,-2.00688,-1.95996,-1.91219,-1.8636,-1.81427,-1.76427,-1.71366,-1.66253,-1.61099,-1.55914,-1.50712,-1.45507,-1.40314,-1.35153,-1.30042,-1.25004,-1.20059,-1.15229,-1.10537,-1.06001,-1.0164,-0.97468,-0.93495,-0.89728,-0.86169,-0.82817,-0.79667,-0.76712,-0.73943,-0.71348,-0.68917,-0.66638,-0.645,-0.62491,-0.60601,-0.58821,-0.57141,-0.55555,-0.54054,-0.52631,-0.51282,-0.5,-0.4878,-0.47619,-0.46512,-0.45455,-0.44444,-0.43478,-0.42553,-0.41667,-0.40816,-0.4,-0.39216,-0.38462,-0.37736,-0.37037,-0.36364,-0.35714,-0.35088,-0.34483,-0.33898,-0.33333,-0.32787,-0.32258,-0.31746,-0.3125,-0.30769,-0.30303,-0.29851,-0.29412,-0.28986,-0.28571,-0.28169,-0.27778,-0.27397,-0.27027,-0.26667,-0.26316,-0.25974,-0.25641,-0.25316,-0.25,-0.24691,-0.2439,-0.24096,-0.2381,-0.23529,-0.23256,-0.22989,-0.22727,-0.22472,-0.22222
0.9600,-1.33922,-1.36065,-1.38213,-1.40364,-1.42518,-1.44673,-1.46829,-1.48985,-1.51141,-1.53294,-1.55444,-1.57591,-1.59732,-1.61867,-1.63995,-1.66115,-1.68225,-1.70325,-1.72412,-1.74487,-1.76547,-1.78591,-1.80618,-1.82627,-1.84616,-1.86584,-1.88528,-1.90449,-1.92343,-1.9421,-1.96048,-1.97855,-1.99629,-2.01369,-2.03073,-2.04739,-2.06365,-2.0795,-2.0949,-2.10985,-2.12432,-2.13829,-2.15174,-2.16465,-2.17699,-2.18874,-2.19988,-2.21039,-2.22024,-2.2294,-2.23786,-2.24558,-2.25254,-2.25872,-2.26409,-2.26862,-2.27229,-2.27506,-2.27693,-2.27785,-2.2778,-2.27676,-2.2747,-2.2716,-2.26743,-2.26217,-2.25581,-2.24831,-2.23967,-2.22986,-2.21888,-2.2067,-2.19332,-2.17873,-2.16293,-2.14591,-2.12768,-2.10823,-2.08758,-2.06573,-2.04269,-2.01848,-1.99311,-1.9666,-1.93896,-1.91022,-1.88039,-1.84949,-1.81756,-1.78462,-1.75069,-1.7158,-1.67999,-1.64329,-1.60574,-1.5674,-1.5283,-1.48852,-1.44813,-1.4072,-1.36584,-1.32414,-1.28225,-1.24028,-1.19842,-1.15682,-1.11566,-1.07513,-1.03543,-0.99672,-0.95918,-0.92295,-0.88814,-0.85486,-0.82315,-0.79306,-0.76456,-0.73765,-0.71227,-0.68836,-0.66585,-0.64465,-0.62469,-0.60587,-0.58812,-0.57136,-0.55552,-0.54052,-0.5263,-0.51281,-0.5,-0.4878,-0.47619,-0.46512,-0.45455,-0.44444,-0.43478,-0.42553,-0.41667,-0.40816,-0.4,-0.39216,-0.38462,-0.37736,-0.37037,-0.36364,-0.35714,-0.35088,-0.34483,-0.33898,-0.33333,-0.32787,-0.32258,-0.31746,-0.3125,-0.30769,-0.30303,-0.29851,-0.29412,-0.28986,-0.28571,-0.28169,-0.27778,-0.27397,-0.27027,-0.26667,-0.26316,-0.25974,-0.25641,-0.25316,-0.25,-0.24691,-0.2439,-0.24096,-0.2381,-0.23529,-0.23256,-0.22989,-0.22727,-0.22472,-0.22222
0.9500,-0.95435,-0.97471,-0.99519,-1.01581,-1.03654,-1.05738,-1.07832,-1.09936,-1.12048,-1.14168,-1.16295,-1.18427,-1.20565,-1.22706,-1.2485,-1.26995,-1.29141,-1.31287,-1.3343,-1.35571,-1.37708,-1.39839,-1.41963,-1.44079,-1.46186,-1.48281,-1.50365,-1.52434,-1.54487,-1.56524,-1.58541,-1.60538,-1.62513,-1.64464,-1.6639,-1.68287,-1.70155,-1.71992,-1.73795,-1.75563,-1.77292,-1.78982,-1.80631,-1.82234,-1.83792,-1.853,-1.86757,-1.8816,-1.89508,-1.90796,-1.92023,-1.93186,-1.94283,-1.95311,-1.96266,-1.97147,-1.97951,-1.98674,-1.99314,-1.99869,-2.00335,-2.0071,-2.00992,-2.01177,-2.01263,-2.01247,-2.01128,-2.00903,-2.0057,-2.00128,-1.99573,-1.98906,-1.98124,-1.97227,-1.96213,-1.95083,-1.93836,-1.92472,-1.90992,-1.89395,-1.87683,-1.85856,-1.83916,-1.81864,-1.79701,-1.77428,-1.75048,-1.72562,-1.69971,-1.67279,-1.64485,-1.61594,-1.58607,-1.55527,-1.52357,-1.49101,-1.45762,-1.42345,-1.38855,-1.35299,-1.31684,-1.28019,-1.24313,-1.20578,-1.16827,-1.13075,-1.09338,-1.05631,-1.01973,-0.98381,-0.94871,-0.91458,-0.88156,-0.84976,-0.81927,-0.79015,-0.76242,-0.7361,-0.71116,-0.68759,-0.66532,-0.64429,-0.62445,-0.60572,-0.58802,-0.5713,-0.55548,-0.5405,-0.52629,-0.51281,-0.49999,-0.4878,-0.47619,-0.46511,-0.45454,-0.44444,-0.43478,-0.42553,-0.41667,-0.40816,-0.4,-0.39216,-0.38462,-0.37736,-0.37037,-0.36364,-0.35714,-0.35088,-0.34483,-0.33898,-0.33333,-0.32787,-0.32258,-0.31746,-0.3125,-0.30769,-0.30303,-0.29851,-0.29412,-0.28986,-0.28571,-0.28169,-0.27778,-0.27397,-0.27027,-0.26667,-0.26316,-0.25974,-0.25641,-0.25316,-0.25,-0.24691,-0.2439,-0.24096,-0.2381,-0.23529,-0.23256,-0.22989,-0.22727,-0.22472,-0.22222
0.9000,-0.11146,-0.12272,-0.13431,-0.14624,-0.15851,-0.17113,-0.18408,-0.19737,-0.21101,-0.22498,-0.23929,-0.25394,-0.26892,-0.28422,-0.29986,-0.31582,-0.33209,-0.34868,-0.36557,-0.38277,0.40026,-0.41803,-0.43608,-0.4544,-0.47299,-0.49182,-0.51089,-0.53019,-0.5497,-0.56942,-0.58933,-0.60941,-0.62966,-0.65006,-0.67058,-0.69122,-0.71195,-0.73277,-0.75364,-0.77455,-0.79548,-0.81641,-0.83731,-0.85817,-0.87895,-0.89964,-0.92022,-0.94064,-0.9609,-0.98096,-1.00079,-1.02036,-1.03965,-1.05863,-1.07726,-1.09552,-1.11337,-1.13078,-1.14772,-1.16416,-1.18006,-1.19539,-1.21013,-1.22422,-1.23766,-1.25039,-1.2624,-1.27365,-1.28412,-1.29377,-1.30259,-1.31054,-1.3176,-1.32376,-1.329,-1.3333,-1.33665,-1.33904,-1.34047,-1.34092,-1.34039,-1.33889,-1.3364,-1.33294,-1.3285,-1.32309,-1.31671,-1.30936,-1.30105,-1.29178,-1.28115,-1.27037,-1.25824,-1.24516,-1.23114,-1.21618,-1.20028,-1.18347,-1.16574,-1.14712,-1.12762,-1.10726,-1.08608,-1.06413,-1.04144,-1.0181,-0.99418,-0.96977,-0.94496,-0.91988,-0.89464,-0.86938,-0.84422,-0.81929,-0.79472,-0.77062,-0.74709,-0.72422,-0.70209,-0.68075,-0.66023,-0.64056,-0.62175,-0.60379,-0.58666,-0.57035,-0.55483,-0.54006,-0.526,-0.51261,-0.49986,-0.48772,-0.47614,-0.46508,-0.45452,-0.44443,-0.43477,-0.42553,-0.41666,-0.40816,-0.4,-0.39216,-0.38462,-0.37736,-0.37037,-0.36364,-0.35714,-0.35088,-0.34483,-0.33898,-0.33333,-0.32787,-0.32258,-0.31746,-0.3125,-0.30769,-0.30303,-0.29851,-0.29412,-0.28986,-0.28571,-0.28169,-0.27778,-0.27397,-0.27027,-0.26667,-0.26316,-0.25974,-0.25641,-0.25316,-0.25,-0.24691,-0.2439,-0.24096,-0.2381,-0.23529,-0.23256,-0.22989,-0.22727,-0.22472,-0.22222
0.8000,0.19338,0.19316,0.19277,0.19221,0.19147,0.19054,0.18939,0.18803,0.18643,0.18459,0.18249,0.18012,0.17746,0.1745,0.17123,0.16764,0.16371,0.15942,0.15478,0.14975,0.14434,0.13853,0.13231,0.12566,0.11859,0.11107,0.10311,0.09469,0.0858,0.07645,0.06662,0.05632,0.04553,0.03427,0.2252,0.01028,-0.00243,-0.01561,-0.02927,-0.0434,-0.05798,-0.073,-0.08847,-0.10436,-0.12067,-0.13737,-0.15445,-0.17189,-0.18967,-0.20777,-0.22617,-0.24484,-0.26376,-0.2829,-0.30223,-0.32171,-0.34133,-0.36104,-0.38081,-0.40061,-0.4204,-0.44015,-0.4598,-0.47934,-0.49872,-0.51789,-0.53683,-0.55549,-0.57383,-0.59183,-0.60944,-0.62262,-0.64335,-0.65959,-0.67532,-0.6905,-0.70512,-0.71915,-0.73257,-0.74537,-0.75752,-0.76902,-0.77986,-0.79002,-0.7995,-0.80829,-0.81638,-0.82377,-0.83044,-0.83639,-0.84162,-0.84611,-0.84986,-0.85285,-0.85508,-0.85653,-0.85718,-0.85703,-0.85607,-0.85426,-0.85161,-0.84809,-0.84369,-0.83841,-0.83223,-0.82516,-0.8172,-0.80837,-0.79868,-0.78816,-0.77686,-0.76482,-0.75211,-0.7388,-0.72495,-0.71067,-0.69602,-0.68111,-0.66603,-0.65086,-0.63569,-0.6206,-0.60567,-0.59096,-0.57652,-0.56242,-0.54867,-0.53533,-0.5224,-0.5099,-0.49784,-0.48622,-0.47504,-0.46428,-0.45395,-0.44402,-0.43448,-0.42532,-0.41652,-0.40806,-0.39993,-0.39211,-0.38458,-0.37734,-0.37036,-0.36363,-0.35714,-0.35087,-0.34483,-0.33898,-0.33333,-0.32787,-0.32258,-0.31746,-0.3125,-0.30769,-0.30303,-0.29851,-0.29412,-0.28986,-0.28571,-0.28169,-0.27778,-0.27397,-0.27027,-0.26667,-0.26316,-0.25974,-0.25641,-0.25316,-0.25,-0.24691,-0.2439,-0.24096,-0.2381,-0.23529,-0.23256,-0.22989,-0.22727,-0.22472,-0.22222
0.7000,0.2203,0.22249,0.22469,0.2269,0.22911,0.23132,0.23352,0.23571,0.23788,0.24003,0.24214,0.24421,0.24622,0.24817,0.25005,0.25183,0.25352,0.2551,0.25654,0.25785,0.25899,0.25995,0.26072,0.26128,0.2616,0.26167,0.26146,0.26097,0.26015,0.25901,0.2575,0.25562,0.25334,0.25064,0.24751,0.24391,0.23984,0.23527,0.23019,0.22458,0.21843,0.21172,0.20446,0.19661,0.18819,0.17918,0.16958,0.15939,0.14861,0.13725,0.1253,0.11279,0.09972,0.0861,0.07195,0.0573,0.04215,0.02654,0.0105,-0.00596,-0.02279,-0.03997,-0.05746,-0.07523,-0.09323,-0.11143,-0.12979,-0.14827,-0.16682,-0.1854,-0.20397,-0.2225,-0.24094,-0.25925,-0.2774,-0.29535,-0.31307,-0.33054,-0.34772,-0.36458,-0.38111,-0.39729,-0.41309,-0.42851,-0.44352,-0.45812,-0.47228,-0.486,-0.49927,-0.51207,-0.5244,-0.53624,-0.54757,-0.55839,-0.56867,-0.5784,-0.58757,-0.59615,-0.60412,-0.61146,-0.61815,-0.62415,-0.62944,-0.634,-0.63779,-0.6408,-0.643,-0.64436,-0.64488,-0.64453,-0.64333,-0.64125,-0.63833,-0.63456,-0.62999,-0.62463,-0.61854,-0.61176,-0.60434,-0.59634,-0.58783,-0.57887,-0.56953,-0.55989,-0.55,-0.53993,-0.52975,-0.51952,-0.50929,-0.49911,-0.48902,-0.47906,-0.46927,-0.45967,-0.45029,-0.44114,-0.43223,-0.42357,-0.41517,-0.40703,-0.39914,-0.39152,-0.38414,-0.37701,-0.37011,-0.36345,-0.357,-0.35078,-0.34476,-0.33893,-0.3333,-0.32784,-0.32256,-0.31745,-0.31249,-0.30769,-0.30303,-0.2985,-0.29412,-0.28985,-0.28571,-0.28169,-0.27778,-0.27397,-0.27027,-0.26667,-0.26316,-0.25974,-0.25641,-0.25316,-0.25,-0.24691,-0.2439,-0.24096,-0.2381,-0.23529,-0.23256,-0.22989,-0.22727,-0.22472,-0.22222
0.6000,0.22214,0.22461,0.22714,0.22972,0.23236,0.23505,0.23779,0.2406,0.24345,0.24637,0.24933,0.25236,0.25544,0.25857,0.26175,0.26497,0.26825,0.27156,0.27491,0.27829,0.28169,0.28511,0.28854,0.29196,0.29537,0.29875,0.30209,0.30538,0.30859,0.31171,0.31472,0.31759,0.32031,0.32285,0.32519,0.32729,0.32914,0.3307,0.33194,0.33284,0.33336,0.33347,0.33315,0.33236,0.33108,0.32928,0.32693,0.324,0.32049,0.31635,0.31159,0.30617,0.3001,0.29335,0.28592,0.27782,0.26904,0.25958,0.24946,0.23868,0.22726,0.21523,0.20259,0.18939,0.17564,0.16138,0.14665,0.13148,0.1159,0.09997,0.08371,0.06718,0.0504,0.03344,0.01631,-0.00092,-0.01824,-0.0356,-0.05297,-0.07032,-0.08763,-0.10486,-0.12199,-0.13901,-0.15589,-0.17261,-0.18916,-0.20552,-0.22168,-0.23763,-0.25335,-0.26882,-0.28403,-0.29897,-0.31362,-0.32796,-0.34198,-0.35565,-0.36889,-0.38186,-0.39434,-0.40638,-0.41794,-0.42899,-0.43949,-0.44942,-0.45873,-0.46739,-0.47538,-0.48265,-0.48917,-0.49494,-0.49991,-0.50409,-0.50744,-0.50999,-0.51171,-0.51263,-0.51276,-0.51212,-0.51073,-0.50863,-0.50585,-0.50244,-0.49844,-0.49391,-0.48888,-0.48342,-0.47758,-0.47141,-0.46496,-0.45828,-0.45142,-0.44442,-0.43734,-0.4302,-0.42304,-0.4159,-0.4088,-0.40177,-0.39482,-0.38799,-0.38127,-0.37469,-0.36825,-0.36196,-0.35583,-0.34985,-0.34402,-0.33836,-0.33285,-0.3275,-0.3223,-0.31724,-0.31234,-0.30757,-0.30294,-0.29844,-0.29407,-0.28982,-0.28569,-0.28167,-0.27776,-0.27396,-0.27026,-0.26666,-0.26315,-0.25974,-0.25641,-0.25316,-0.25,-0.24691,-0.2439,-0.24096,-0.2381,-0.23529,-0.23256,-0.22988,-0.22727,-0.22472,-0.22222
0.5704,0.22219,0.22468,0.22722,0.22982,0.23248,0.2352,0.23797,0.24081,0.24371,0.24667,0.2497,0.2528,0.25596,0.25919,0.26248,0.26584,0.26926,0.27274,0.27629,0.2799,0.28355,0.28726,0.29101,0.2948,0.29862,0.30246,0.30631,0.31016,0.31399,0.3178,0.32155,0.32525,0.32886,0.33236,0.33573,0.33895,0.34198,0.34481,0.3474,0.34972,0.35174,0.35343,0.35475,0.35567,0.35616,0.35619,0.35572,0.35473,0.35318,0.35105,0.34831,0.34494,0.34092,0.33623,0.33085,0.32479,0.31802,0.31055,0.30238,0.29351,0.28395,0.27372,0.26282,0.25129,0.23915,0.22642,0.21313,0.19933,0.18504,0.1703,0.15516,0.13964,0.12381,0.10769,0.09132,0.07476,0.05803,0.04116,0.02421,0.00719,-0.00987,-0.02693,-0.04397,-0.06097,-0.07791,-0.09478,-0.11154,-0.1282,-0.14472,-0.16111,-0.17733,-0.19339,-0.20925,-0.22492,-0.24037,-0.25558,-0.27047,-0.28516,-0.29961,-0.31368,-0.3274,-0.34075,-0.3537,-0.3662,-0.37824,-0.38977,-0.40075,-0.41116,-0.42095,-0.43008,-0.43854,-0.44628,-0.45329,-0.45953,-0.46499,-0.46966,-0.47353,-0.4766,-0.47888,-0.48037,-0.48109,-0.48107,-0.48033,-0.4789,-0.47682,-0.47413,-0.47088,-0.46711,-0.46286,-0.45819,-0.45314,-0.44777,-0.44212,-0.43623,-0.43016,-0.42394,-0.41761,-0.41121,-0.40477,-0.39833,-0.3919,-0.38552,-0.37919,-0.37295,-0.3668,-0.36076,-0.35484,-0.34903,-0.34336,-0.33782,-0.33242,-0.32715,-0.32202,-0.31702,-0.31216,-0.30743,-0.30283,-0.29835,-0.294,-0.28977,-0.28565,-0.28164,-0.27774,-0.27394,-0.27025,-0.26665,-0.26315,-0.25973,-0.2564,-0.25316,-0.25,-0.24691,-0.2439,-0.24096,-0.23809,-0.23529,-0.23256,-0.22988,-0.22727,-0.22472,-0.22222
0.5000,0.22222,0.22472,0.22727,0.22988,0.23255,0.23528,0.23808,0.24095,0.24388,0.24689,0.24996,0.25312,0.25635,0.25966,0.26306,0.26654,0.2701,0.27376,0.27751,0.28135,0.28528,0.28931,0.29344,0.29766,0.30198,0.30639,0.3109,0.31549,0.32016,0.32492,0.32974,0.33463,0.33957,0.34455,0.34955,0.35456,0.35956,0.36453,0.36945,0.37428,0.37901,0.38359,0.388,0.39221,0.39617,0.39985,0.40321,0.40621,0.40881,0.41097,0.41265,0.41381,0.41441,0.41442,0.41381,0.41253,0.41058,0.40792,0.40454,0.40041,0.39554,0.38991,0.38353,0.3764,0.36852,0.35992,0.35062,0.34063,0.32999,0.31872,0.30685,0.29443,0.2815,0.26808,0.25422,0.23996,0.22535,0.2104,0.19517,0.17968,0.16397,0.14807,0.13199,0.11578,0.09945,0.08302,0.06651,0.04993,0.03325,0.01662,0,-0.01662,-0.03325,-0.04993,-0.06651,-0.08302,-0.09945,-0.11578,-0.13199,-0.14807,-0.16397,-0.17968,-0.19517,-0.2104,-0.22535,-0.23996,-0.25422,-0.26808,-0.2815,-0.29443,-0.30685,-0.31872,-0.32999,-0.34063,-0.35062,-0.35992,-0.36852,-0.3764,-0.38353,-0.38991,-0.39554,-0.40041,-0.40454,-0.40792,-0.41058,-0.41253,-0.41381,-0.41442,-0.41441,-0.41381,-0.41265,-0.41097,-0.40881,-0.40621,-0.40321,-0.39985,-0.39617,-0.39221,-0.388,-0.38359,-0.37901,-0.37428,-0.36945,-0.36453,-0.35956,-0.35456,-0.34955,-0.34455,-0.33957,-0.33463,-0.32974,-0.32492,-0.32016,-0.31549,-0.3109,-0.30639,-0.30198,-0.29766,-0.29344,-0.28931,-0.28528,-0.28135,-0.27751,-0.27376,-0.2701,-0.26654,-0.26306,-0.25966,-0.25635,-0.25312,-0.24996,-0.24689,-0.24388,-0.24095,-0.23808,-0.23528,-0.23255,-0.22988,-0.22727,-0.22472,-0.22222
0.4296,0.22222,0.22472,0.22727,0.22988,0.23256,0.23529,0.23809,0.24096,0.2439,0.24691,0.25,0.25316,0.2564,0.25973,0.26315,0.26665,0.27025,0.27394,0.27774,0.28164,0.28565,0.28977,0.294,0.29835,0.30283,0.30743,0.31216,0.31702,0.32202,0.32715,0.33242,0.33782,0.34336,0.34903,0.35484,0.36076,0.3668,0.37295,0.37919,0.38552,0.3919,0.39833,0.40477,0.41121,0.41761,0.42394,0.43016,0.43623,0.44212,0.44777,0.45314,0.45819,0.46286,0.46711,0.47088,0.47413,0.47682,0.4789,0.48033,0.48107,0.48109,0.48037,0.47888,0.4766,0.47353,0.46966,0.46499,0.45953,0.45329,0.44628,0.43854,0.43008,0.42095,0.41116,0.40075,0.38977,0.37824,0.3662,0.3537,0.34075,0.3274,0.31368,0.29961,0.28516,0.27047,0.25558,0.24037,0.22492,0.20925,0.19339,0.17733,0.16111,0.14472,0.1282,0.11154,0.09478,0.07791,0.06097,0.04397,0.02693,0.00987,-0.00719,-0.02421,-0.04116,-0.05803,-0.07476,-0.09132,-0.10769,-0.12381,-0.13964,-0.15516,-0.1703,-0.18504,-0.19933,-0.21313,-0.22642,-0.23915,-0.25129,-0.26282,-0.27372,-0.28395,-0.29351,-0.30238,-0.31055,-0.31802,-0.32479,-0.33085,-0.33623,-0.34092,-0.34494,-0.34831,-0.35105,-0.35318,-0.35473,-0.35572,-0.35619,-0.35616,-0.35567,-0.35475,-0.35343,-0.35174,-0.34972,-0.3474,-0.34481,-0.34198,-0.33895,-0.33573,-0.33236,-0.32886,-0.32525,-0.32155,-0.3178,-0.31399,-0.31016,-0.30631,-0.30246,-0.29862,-0.2948,-0.29101,-0.28726,-0.28355,-0.2799,-0.27629,-0.27274,-0.26926,-0.26584,-0.26248,-0.25919,-0.25596,-0.2528,-0.2497,-0.24667,-0.24371,-0.24081,-0.23797,-0.2352,-0.23248,-0.22982,-0.22722,-0.22468,-0.22219
0.4000,0.22222,0.22472,0.22727,0.22988,0.23256,0.23529,0.2381,0.24096,0.2439,0.24691,0.25,0.25316,0.25641,0.25974,0.26315,0.26666,0.27026,0.27396,0.27776,0.28167,0.28569,0.28982,0.29407,0.29844,0.30294,0.30757,0.31234,0.31724,0.3223,0.3275,0.33285,0.33836,0.34402,0.34985,0.35583,0.36196,0.36825,0.37469,0.38127,0.38799,0.39482,0.40177,0.4088,0.4159,0.42304,0.4302,0.43734,0.44442,0.45142,0.45828,0.46496,0.47141,0.47758,0.48342,0.48888,0.49391,0.49844,0.50244,0.50585,0.50863,0.51073,0.51212,0.51276,0.51263,0.51171,0.50999,0.50744,0.50409,0.49991,0.49494,0.48917,0.48265,0.47538,0.46739,0.45873,0.44942,0.43949,0.42899,0.41794,0.40638,0.39434,0.38186,0.36889,0.35565,0.34198,0.32796,0.31362,0.29897,0.28403,0.26882,0.25335,0.23763,0.22168,0.20552,0.18916,0.17261,0.15589,0.13901,0.12199,0.10486,0.08763,0.07032,0.05297,0.0356,0.01824,0.00092,-0.01631,-0.03344,-0.0504,-0.06718,-0.08371,-0.09997,-0.1159,-0.13148,-0.14665,-0.16138,-0.17564,-0.18939,-0.20259,-0.21523,-0.22726,-0.23868,-0.24946,-0.25958,-0.26904,-0.27782,-0.28592,-0.29335,-0.3001,-0.30617,-0.31159,-0.31635,-0.32049,-0.324,-0.32693,-0.32928,-0.33108,-0.33236,-0.33315,-0.33347,-0.33336,-0.33284,-0.33194,-0.3307,-0.32914,-0.32729,-0.32519,-0.32285,-0.32031,-0.31759,-0.31472,-0.31171,-0.30859,-0.30538,-0.30209,-0.29875,-0.29537,-0.29196,-0.28854,-0.28511,-0.28169,-0.27829,-0.27491,-0.27156,-0.26825,-0.26497,-0.26175,-0.25857,-0.25544,-0.25236,-0.24933,-0.24637,-0.24345,-0.2406,-0.23779,-0.23505,-0.23236,-0.22972,-0.22714,-0.22461,-0.22214
0.3000,0.22222,0.22472,0.22727,0.22989,0.23256,0.23529,0.2381,0.24096,0.2439,0.24691,0.25,0.25316,0.25641,0.25974,0.26316,0.26667,0.27027,0.27397,0.27778,0.28169,0.28571,0.28985,0.29412,0.2985,0.30303,0.30769,0.31249,0.31745,0.32256,0.32784,0.3333,0.33893,0.34476,0.35078,0.357,0.36345,0.37011,0.37701,0.38414,0.39152,0.39914,0.40703,0.41517,0.42357,0.43223,0.44114,0.45029,0.45967,0.46927,0.47906,0.48902,0.49911,0.50929,0.51952,0.52975,0.53993,0.55,0.55989,0.56953,0.57887,0.58783,0.59634,0.60434,0.61176,0.61854,0.62463,0.62999,0.63456,0.63833,0.64125,0.64333,0.64453,0.64488,0.64436,0.643,0.6408,0.63779,0.634,0.62944,0.62415,0.61815,0.61146,0.60412,0.59615,0.58757,0.5784,0.56867,0.55839,0.54757,0.53624,0.5244,0.51207,0.49927,0.486,0.47228,0.45812,0.44352,0.42851,0.41309,0.39729,0.38111,0.36458,0.34772,0.33054,0.31307,0.29535,0.2774,0.25925,0.24094,0.2225,0.20397,0.1854,0.16682,0.14827,0.12979,0.11143,0.09323,0.07523,0.05746,0.03997,0.02279,0.00596,-0.0105,-0.02654,-0.04215,-0.0573,-0.07195,-0.0861,-0.09972,-0.11279,-0.1253,-0.13725,-0.14861,-0.15939,-0.16958,-0.17918,-0.18819,-0.19661,-0.20446,-0.21172,-0.21843,-0.22458,-0.23019,-0.23527,-0.23984,-0.24391,-0.24751,-0.25064,-0.25334,-0.25562,-0.2575,-0.25901,-0.26015,-0.26097,-0.26146,-0.26167,-0.2616,-0.26128,-0.26072,-0.25995,-0.25899,-0.25785,-0.25654,-0.2551,-0.25352,-0.25183,-0.25005,-0.24817,-0.24622,-0.24421,-0.24214,-0.24003,-0.23788,-0.23571,-0.23352,-0.23132,-0.22911,-0.2269,-0.22469,-0.22249,-0.2203
0.2000,0.22222,0.22472,0.22727,0.22989,0.23256,0.23529,0.2381,0.24096,0.2439,0.24691,0.25,0.25316,0.25641,0.25974,0.26316,0.26667,0.27027,0.27397,0.27778,0.28169,0.28571,0.28986,0.29412,0.29851,0.30303,0.30769,0.3125,0.31746,0.32258,0.32787,0.33333,0.33898,0.34483,0.35087,0.35714,0.36363,0.37036,0.37734,0.38458,0.39211,0.39993,0.40806,0.41652,0.42532,0.43448,0.44402,0.45395,0.46428,0.47504,0.48622,0.49784,0.5099,0.5224,0.53533,0.54867,0.56242,0.57652,0.59096,0.60567,0.6206,0.63569,0.65086,0.66603,0.68111,0.69602,0.71067,0.72495,0.7388,0.75211,0.76482,0.77686,0.78816,0.79868,0.80837,0.8172,0.82516,0.83223,0.83841,0.84369,0.84809,0.85161,0.85426,0.85607,0.85703,0.85718,0.85653,0.85508,0.85285,0.84986,0.84611,0.84162,0.83639,0.83044,0.82377,0.81638,0.80829,0.7995,0.79002,0.77986,0.76902,0.75752,0.74537,0.73257,0.71915,0.70512,0.6905,0.67532,0.65959,0.64335,0.62262,0.60944,0.59183,0.57383,0.55549,0.53683,0.51789,0.49872,0.47934,0.4598,0.44015,0.4204,0.40061,0.38081,0.36104,0.34133,0.32171,0.30223,0.2829,0.26376,0.24484,0.22617,0.20777,0.18967,0.17189,0.15445,0.13737,0.12067,0.10436,0.08847,0.073,0.05798,0.0434,0.02927,0.01561,0.00243,-0.01028,-0.2252,-0.03427,-0.04553,-0.05632,-0.06662,-0.07645,-0.0858,-0.09469,-0.10311,-0.11107,-0.11859,-0.12566,-0.13231,-0.13853,-0.14434,-0.14975,-0.15478,-0.15942,-0.16371,-0.16764,-0.17123,-0.1745,-0.17746,-0.18012,-0.18249,-0.18459,-0.18643,-0.18803,-0.18939,-0.19054,-0.19147,-0.19221,-0.19277,-0.19316,-0.19338
0.1000,0.22222,0.22472,0.22727,0.22989,0.23256,0.23529,0.2381,0.24096,0.2439,0.24691,0.25,0.25316,0.25641,0.25974,0.26316,0.26667,0.27027,0.27397,0.27778,0.28169,0.28571,0.28986,0.29412,0.29851,0.30303,0.30769,0.3125,0.31746,0.32258,0.32787,0.33333,0.33898,0.34483,0.35088,0.35714,0.36364,0.37037,0.37736,0.38462,0.39216,0.4,0.40816,0.41666,0.42553,0.43477,0.44443,0.45452,0.46508,0.47614,0.48772,0.49986,0.51261,0.526,0.54006,0.55483,0.57035,0.58666,0.60379,0.62175,0.64056,0.66023,0.68075,0.70209,0.72422,0.74709,0.77062,0.79472,0.81929,0.84422,0.86938,0.89464,0.91988,0.94496,0.96977,0.99418,1.0181,1.04144,1.06413,1.08608,1.10726,1.12762,1.14712,1.16574,1.18347,1.20028,1.21618,1.23114,1.24516,1.25824,1.27037,1.28155,1.29178,1.30105,1.30936,1.31671,1.32309,1.3285,1.33294,1.3364,1.33889,1.34039,1.34092,1.34047,1.33904,1.33665,1.3333,1.329,1.32376,1.3176,1.31054,1.30259,1.29377,1.28412,1.27365,1.2624,1.25039,1.23766,1.22422,1.21013,1.19539,1.18006,1.16416,1.14772,1.13078,1.11337,1.09552,1.07726,1.05863,1.03965,1.02036,1.00079,0.98096,0.9609,0.94064,0.92022,0.89964,0.87895,0.85817,0.83731,0.81641,0.79548,0.77455,0.75364,0.73277,0.71195,0.69122,0.67058,0.65006,0.62966,0.60941,0.58933,0.56942,0.5497,0.53019,0.51089,0.49182,0.47299,0.4544,0.43608,0.41803,-0.40026,0.38277,0.36557,0.34868,0.33209,0.31582,0.29986,0.28422,0.26892,0.25394,0.23929,0.22498,0.21101,0.19737,0.18408,0.17113,0.15851,0.14624,0.13431,0.12272,0.11146
0.0500,0.22222,0.22472,0.22727,0.22989,0.23256,0.23529,0.2381,0.24096,0.2439,0.24691,0.25,0.25316,0.25641,0.25974,0.26316,0.26667,0.27027,0.27397,0.27778,0.28169,0.28571,0.28986,0.29412,0.29851,0.30303,0.30769,0.3125,0.31746,0.32258,0.32787,0.33333,0.33898,0.34483,0.35088,0.35714,0.36364,0.37037,0.37736,0.38462,0.39216,0.4,0.40816,0.41667,0.42553,0.43478,0.44444,0.45454,0.46511,0.47619,0.4878,0.49999,0.51281,0.52629,0.5405,0.55548,0.5713,0.58802,0.60572,0.62445,0.64429,0.66532,0.68759,0.71116,0.7361,0.76242,0.79015,0.81927,0.84976,0.88156,0.91458,0.94871,0.98381,1.01973,1.05631,1.09338,1.13075,1.16827,1.20578,1.24313,1.28019,1.31684,1.35299,1.38855,1.42345,1.45762,1.49101,1.52357,1.55527,1.58607,1.61594,1.64485,1.67279,1.69971,1.72562,1.75048,1.77428,1.79701,1.81864,1.83916,1.85856,1.87683,1.89395,1.90992,1.92472,1.93836,1.95083,1.96213,1.97227,1.98124,1.98906,1.99573,2.00128,2.0057,2.00903,2.01128,2.01247,2.01263,2.01177,2.00992,2.0071,2.00335,1.99869,1.99314,1.98674,1.97951,1.97147,1.96266,1.95311,1.94283,1.93186,1.92023,1.90796,1.89508,1.8816,1.86757,1.853,1.83792,1.82234,1.80631,1.78982,1.77292,1.75563,1.73795,1.71992,1.70155,1.68287,1.6639,1.64464,1.62513,1.60538,1.58541,1.56524,1.54487,1.52434,1.50365,1.48281,1.46186,1.44079,1.41963,1.39839,1.37708,1.35571,1.3343,1.31287,1.29141,1.26995,1.2485,1.22706,1.20565,1.18427,1.16295,1.14168,1.12048,1.09936,1.07832,1.05738,1.03654,1.01581,0.99519,0.97471,0.95435
0.0400,0.22222,0.22472,0.22727,0.22989,0.23256,0.23529,0.2381,0.24096,0.2439,0.24691,0.25,0.25316,0.25641,0.25974,0.26316,0.26667,0.27027,0.27397,0.27778,0.28169,0.28571,0.28986,0.29412,0.29851,0.30303,0.30769,0.3125,0.31746,0.32258,0.32787,0.33333,0.33898,0.34483,0.35088,0.35714,0.36364,0.37037,0.37736,0.38462,0.39216,0.4,0.40816,0.41667,0.42553,0.43478,0.44444,0.45455,0.46512,0.47619,0.4878,0.5,0.51281,0.5263,0.54052,0.55552,0.57136,0.58812,0.60587,0.62469,0.64465,0.66585,0.68836,0.71227,0.73765,0.76456,0.79306,0.82315,0.85486,0.88814,0.92295,0.95918,0.99672,1.03543,1.07513,1.11566,1.15682,1.19842,1.24028,1.28225,1.32414,1.36584,1.4072,1.44813,1.48852,1.5283,1.5674,1.60574,1.64329,1.67999,1.7158,1.75069,1.78462,1.81756,1.84949,1.88039,1.91022,1.93896,1.9666,1.99311,2.01848,2.04269,2.06573,2.08758,2.10823,2.12768,2.14591,2.16293,2.17873,2.19332,2.2067,2.21888,2.22986,2.23967,2.24831,2.25581,2.26217,2.26743,2.2716,2.2747,2.27676,2.2778,2.27785,2.27693,2.27506,2.27229,2.26862,2.26409,2.25872,2.25254,2.24558,2.23786,2.2294,2.22024,2.21039,2.19988,2.18874,2.17699,2.16465,2.15174,2.13829,2.12432,2.10985,2.0949,2.0795,2.06365,2.04739,2.03073,2.01369,1.99629,1.97855,1.96048,1.9421,1.92343,1.90449,1.88528,1.86584,1.84616,1.82627,1.80618,1.78591,1.76547,1.74487,1.72412,1.70325,1.68225,1.66115,1.63995,1.61867,1.59732,1.57591,1.55444,1.53294,1.51141,1.48985,1.46829,1.44673,1.42518,1.40364,1.38213,1.36065,1.33922
0.0250,0.22222,0.22472,0.22727,0.22989,0.23256,0.23529,0.2381,0.24096,0.2439,0.24691,0.25,0.25316,0.25641,0.25974,0.26316,0.26667,0.27027,0.27397,0.27778,0.28169,0.28571,0.28986,0.29412,0.29851,0.30303,0.30769,0.3125,0.31746,0.32258,0.32787,0.33333,0.33898,0.34483,0.35088,0.35714,0.36364,0.37037,0.37736,0.38462,0.39216,0.4,0.40816,0.41667,0.42553,0.43478,0.44444,0.45455,0.46512,0.47619,0.4878,0.5,0.51282,0.52631,0.54054,0.55555,0.57141,0.58821,0.60601,0.62491,0.645,0.66638,0.68917,0.71348,0.73943,0.76712,0.79667,0.82817,0.86169,0.89728,0.93495,0.97468,1.0164,1.06001,1.10537,1.15229,1.20059,1.25004,1.30042,1.35153,1.40314,1.45507,1.50712,1.55914,1.61099,1.66253,1.71366,1.76427,1.81427,1.8636,1.91219,1.95996,2.00688,2.0529,2.09795,2.14202,2.18505,2.22702,2.2679,2.30764,2.34623,2.38364,2.41984,2.45482,2.48855,2.52102,2.55222,2.58214,2.61076,2.6381,2.66413,2.68888,2.71234,2.73451,2.75541,2.77506,2.79345,2.81062,2.82658,2.84134,2.85492,2.86735,2.87865,2.88884,2.89795,2.90599,2.91299,2.91898,2.92397,2.92799,2.93107,2.93324,2.9345,2.93489,2.93443,2.93314,2.93105,2.92818,2.92455,2.92017,2.91508,2.9093,2.90283,2.89572,2.88796,2.87959,2.87062,2.86107,2.85096,2.8403,2.82912,2.81743,2.80525,2.79259,2.77947,2.76591,2.75191,2.73751,2.7227,2.70751,2.69195,2.67603,2.65977,2.64317,2.62626,2.60905,2.59154,2.57375,2.55569,2.53737,2.51881,2.50001,2.48099,2.46175,2.44231,2.42268,2.40287,2.38288,2.36273,2.34242,2.32197,2.30138
0.0200,0.22222,0.22472,0.22727,0.22989,0.23256,0.23529,0.2381,0.24096,0.2439,0.24691,0.25,0.25316,0.25641,0.25974,0.26316,0.26667,0.27027,0.27397,0.27778,0.28169,0.28571,0.28986,0.29412,0.29851,0.30303,0.30769,0.3125,0.31746,0.32258,0.32787,0.33333,0.33898,0.34483,0.35088,0.35714,0.36364,0.37037,0.37736,0.38462,0.39216,0.4,0.40816,0.41667,0.42553,0.43478,0.44444,0.45455,0.46512,0.47619,0.4878,0.5,0.51282,0.52631,0.54054,0.55555,0.57142,0.58822,0.60603,0.62495,0.64507,0.66649,0.68935,0.71377,0.73987,0.76779,0.79765,0.82959,0.86371,0.90009,0.93878,0.9798,1.02311,1.06864,1.11628,1.16584,1.21716,1.26999,1.32412,1.37929,1.43529,1.49188,1.54886,1.60604,1.66325,1.72033,1.77716,1.83361,1.88959,1.94499,1.99973,2.05375,2.10697,2.15935,2.21081,2.26133,2.31084,2.35931,2.4067,2.45298,2.49811,2.54206,2.5848,2.62631,2.66657,2.70556,2.74325,2.77964,2.81471,2.84848,2.88091,2.91202,2.94181,2.97028,2.99744,3.0233,3.04787,3.07116,3.0932,3.11399,3.13356,3.15193,3.16911,3.18512,3.2,3.21375,3.22641,3.238,3.24853,3.25803,3.26653,3.27404,3.2806,3.28622,3.29092,3.29473,3.29767,3.29976,3.30103,3.30149,3.30116,3.30007,3.29823,3.29567,3.2924,3.28844,3.28381,3.27854,3.27263,3.2661,3.25898,3.25128,3.24301,3.23419,3.22484,3.21497,3.2046,3.19374,3.18241,3.17062,3.15838,3.14572,3.13263,3.11914,3.10525,3.09099,3.07636,3.06137,3.04604,3.03038,3.01439,2.9981,2.9815,2.96462,2.94746,2.93002,2.91234,2.8944,2.87622,2.85782,2.83919,2.82035
0.0100,0.22222,0.22472,0.22727,0.22989,0.23256,0.23529,0.2381,0.24096,0.2439,0.24691,0.25,0.25316,0.25641,0.25974,0.26316,0.26667,0.27027,0.27397,0.27778,0.28169,0.28571,0.28986,0.29412,0.29851,0.30303,0.30769,0.3125,0.31746,0.32258,0.32787,0.33333,0.33898,0.34483,0.35088,0.35714,0.36364,0.37037,0.37736,0.38462,0.39216,0.4,0.40816,0.41667,0.42553,0.43478,0.44444,0.45455,0.46512,0.47619,0.4878,0.5,0.51282,0.52632,0.54054,0.55556,0.57143,0.58823,0.60606,0.62499,0.64514,0.66663,0.68959,0.71415,0.74049,0.76878,0.79921,0.83196,0.86723,0.90521,0.94607,0.98995,1.03695,1.08711,1.14042,1.1968,1.25611,1.31815,1.38267,1.44942,1.51808,1.58838,1.66001,1.73271,1.80621,1.88029,1.95472,2.02933,2.10394,2.1784,2.25258,2.32635,2.39961,2.47226,2.54421,2.61539,2.68572,2.75514,2.82359,2.89101,2.95735,3.02256,3.0866,3.14944,3.21103,3.27134,3.33035,3.38804,3.44438,3.49935,3.55295,3.60517,3.656,3.70543,3.75347,3.80013,3.8454,3.8893,3.93183,3.97301,4.01286,4.05138,4.08859,4.12452,4.15917,4.19257,4.22473,4.25569,4.28545,4.31403,4.34147,4.36777,4.39296,4.41706,4.44009,4.46207,4.48303,4.50297,4.52192,4.5399,4.55694,4.57304,4.58823,4.60252,4.61594,4.6285,4.64022,4.65111,4.6612,4.6705,4.67903,4.6868,4.69382,4.70013,4.70571,4.71061,4.71482,4.71836,4.72125,4.7235,4.72512,4.72613,4.72653,4.72635,4.72559,4.72427,4.7224,4.71998,4.71704,4.71358,4.70961,4.70514,4.70019,4.69476,4.68887,4.68252,4.67573,4.6685,4.66085,4.65277,4.64429,4.63541
0.0050,0.22222,0.22472,0.22727,0.22989,0.23256,0.23529,0.2381,0.24096,0.2439,0.24691,0.25,0.25316,0.25641,0.25974,0.26316,0.26667,0.27027,0.27397,0.27778,0.28169,0.28571,0.28986,0.29412,0.29851,0.30303,0.30769,0.3125,0.31746,0.32258,0.32787,0.33333,0.33898,0.34483,0.35088,0.35714,0.36364,0.37037,0.37736,0.38462,0.39216,0.4,0.40816,0.41667,0.42553,0.43478,0.44444,0.45455,0.46512,0.47619,0.4878,0.5,0.51282,0.52632,0.54054,0.55556,0.57143,0.58824,0.60606,0.625,0.64516,0.66666,0.68964,0.71425,0.74067,0.76909,0.79973,0.83283,0.86863,0.90742,0.94945,0.99499,1.04427,1.09749,1.15477,1.21618,1.28167,1.35114,1.42439,1.50114,1.5811,1.6639,1.74919,1.8366,1.9258,2.01644,2.10825,2.20092,2.29423,2.38795,2.48187,2.57583,2.66965,2.76321,2.85636,2.949,3.04102,3.13232,3.22281,3.31243,3.40109,3.48874,3.5753,3.66073,3.74497,3.82798,3.90973,3.99016,4.06926,4.147,4.22336,4.29832,4.37186,4.44398,4.51467,4.45393,4.65176,4.71815,4.78313,4.84669,4.90884,4.96959,5.02897,5.08697,5.14362,5.19892,5.25291,5.30559,5.35698,5.40711,5.45598,5.50362,5.55005,5.59528,5.63934,5.68224,5.724,5.76464,5.80418,5.84265,5.88004,5.91639,5.95171,5.98602,6.01934,6.05169,6.08307,6.11351,6.14302,6.17162,6.19933,6.22616,6.25212,6.27723,6.30151,6.32497,6.34762,6.36948,6.39055,6.41086,6.43042,6.44924,6.46733,6.4847,6.50137,6.51735,6.53264,6.54727,6.56124,6.57456,6.58725,6.59931,6.61075,6.62159,6.63183,6.64148,6.65056,6.65907,6.66703,6.67443,6.6813,6.68763
0.0020,0.22222,0.22472,0.22727,0.22989,0.23256,0.23529,0.2381,0.24096,0.2439,0.24691,0.25,0.25316,0.25641,0.25974,0.26316,0.26667,0.27027,0.27397,0.27778,0.28169,0.28571,0.28986,0.29412,0.29851,0.30303,0.30769,0.3125,0.31746,0.32258,0.32787,0.33333,0.33898,0.34483,0.35088,0.35714,0.36364,0.37037,0.37736,0.38462,0.39216,0.4,0.40816,0.41667,0.42553,0.43478,0.44444,0.45455,0.46512,0.47619,0.4878,0.5,0.51282,0.52632,0.54054,0.55556,0.57143,0.58824,0.60606,0.625,0.64516,0.66667,0.68965,0.71428,0.74073,0.7692,0.79994,0.8332,0.86929,0.90854,0.95131,0.998,1.04898,1.10465,1.16534,1.23132,1.30279,1.37981,1.46232,1.55016,1.64305,1.74062,1.84244,1.94806,2.05701,2.16884,2.28311,2.39942,2.51741,2.63672,2.75706,2.87816,2.99978,2.12169,3.24371,3.36566,3.48737,3.60872,3.72957,3.84981,3.96932,4.08802,4.20582,4.32263,4.43839,4.55304,4.66651,4.77875,4.88971,4.99937,5.10768,5.21461,5.32014,5.42426,5.52694,5.62818,5.72796,5.82629,5.92316,6.01858,6.11254,6.20506,6.29613,6.38578,6.47401,6.56084,6.64627,6.73032,6.81301,6.89435,6.97435,7.05304,7.13043,7.20654,7.28138,7.35497,7.42733,7.49847,7.56842,7.63718,7.70479,7.77124,7.83657,7.90078,7.9639,8.02594,8.08691,8.14683,8.20572,8.26359,8.32046,8.37634,8.43125,8.48519,8.5382,8.59027,8.64142,8.69167,8.74102,8.7895,8.83711,8.88387,8.92979,8.97488,9.01915,9.06261,9.10528,9.14717,9.18828,9.22863,9.26823,9.30709,9.34521,9.38262,9.41931,9.4553,9.4906,9.52521,9.55915,9.59243,9.62504,9.65701
0.0010,0.22222,0.22472,0.22727,0.22989,0.23256,0.23529,0.2381,0.24096,0.2439,0.24691,0.25,0.25316,0.25641,0.25974,0.26316,0.26667,0.27027,0.27397,0.27778,0.28169,0.28571,0.28986,0.29412,0.29851,0.30303,0.30769,0.3125,0.31746,0.32258,0.32787,0.33333,0.33898,0.34483,0.35088,0.35714,0.36364,0.37037,0.37736,0.38462,0.39216,0.4,0.40816,0.41667,0.42553,0.43478,0.44444,0.45455,0.46512,0.47619,0.4878,0.5,0.51282,0.52632,0.54054,0.55556,0.57143,0.58824,0.60606,0.625,0.64516,0.66667,0.68965,0.71428,0.74074,0.76922,0.79998,0.83328,0.86945,0.90885,0.95188,0.999,1.05068,1.10743,1.16974,1.23805,1.31275,1.39408,1.48216,1.57695,1.67825,1.78572,1.89894,2.01739,2.14053,2.2678,2.39867,2.53261,2.66915,2.80786,2.94834,3.09023,3.23322,3.37703,3.52139,3.66608,3.8109,3.95567,4.10022,4.24439,4.38807,4.53112,4.67344,4.81492,4.95549,5.09505,5.23353,5.37087,5.50701,5.6419,5.77549,5.90776,6.03865,6.16816,6.29626,6.42292,6.54814,6.67191,6.79421,6.91505,7.03443,7.15235,7.26881,7.38382,7.49739,7.60953,7.72024,7.82954,7.93744,8.04395,8.1491,8.25289,8.35534,8.45646,8.55627,8.65479,8.75202,8.848,8.94273,9.03623,9.12852,9.21961,9.30952,9.39827,9.48586,9.57232,9.65766,9.7419,9.82505,9.90713,9.98815,10.06812,10.14706,10.22499,10.30192,10.37785,10.45281,10.52681,10.59986,10.67197,10.74316,10.81343,10.88281,10.95129,11.0189,11.08565,11.15154,11.21658,11.2808,11.34419,11.40677,11.46855,11.52953,11.58974,11.64917,11.70785,11.76576,11.82294,11.87938,11.93509,11.99009,12.04437
0.0005,0.22222,0.22472,0.22727,0.22989,0.23256,0.23529,0.2381,0.24096,0.2439,0.24691,0.25,0.25316,0.25641,0.25974,0.26316,0.26667,0.27027,0.27397,0.27778,0.28169,0.28571,0.28986,0.29412,0.29851,0.30303,0.30769,0.3125,0.31746,0.32258,0.32787,0.33333,0.33898,0.34483,0.35088,0.35714,0.36364,0.37037,0.37736,0.38462,0.39216,0.4,0.40816,0.41667,0.42553,0.43478,0.44444,0.45455,0.46512,0.47619,0.4878,0.5,0.51282,0.52632,0.54054,0.55556,0.57143,0.58824,0.60606,0.625,0.64516,0.66667,0.68966,0.71429,0.74074,0.76923,0.79999,0.83331,0.86952,0.90899,0.95215,0.9995,1.05159,1.10901,1.1724,1.24235,1.31944,1.40413,1.49673,1.59738,1.70603,1.82241,1.94611,2.07661,2.21328,2.35549,2.50257,2.6539,2.80889,2.96698,3.12767,3.29053,3.45513,3.62113,3.7882,3.95605,4.12443,4.29311,4.46189,4.63057,4.79899,4.96701,5.13449,5.3013,5.46735,5.63252,5.79673,5.9599,6.12196,6.28285,6.44251,6.6009,6.75798,6.9137,7.06804,7.22098,7.3725,7.52258,7.67121,7.81839,7.96411,8.10836,8.25115,8.39248,8.53236,8.67079,8.80779,8.94335,9.0775,9.21023,9.34158,9.47154,9.60013,9.72737,9.85326,9.97784,10.1011,10.22307,10.34375,10.46318,10.58135,10.69829,10.8141,10.92853,11.04186,11.15402,11.26502,11.37487,11.4836,11.59122,11.69773,11.80316,11.90752,12.01082,12.11307,12.21429,12.3145,12.4137,12.5119,12.60913,12.70539,12.80069,12.89505,12.98848,13.08098,13.17258,13.26328,13.35309,13.44202,13.53009,13.6173,13.70366,13.78919,13.87389,13.95778,14.04086,14.12314,14.20463,14.28534,14.36528,14.44446,14.52288
0.0001,0.22222,0.22472,0.22727,0.22989,0.23256,0.23529,0.2381,0.24096,0.2439,0.24691,0.25,0.25316,0.25641,0.25974,0.26316,0.26667,0.27027,0.27397,0.27778,0.28169,0.28571,0.28986,0.29412,0.29851,0.30303,0.30769,0.3125,0.31746,0.32258,0.32787,0.33333,0.33898,0.34483,0.35088,0.35714,0.36364,0.37037,0.37736,0.38462,0.39216,0.4,0.40816,0.41667,0.42553,0.43478,0.44444,0.45455,0.46512,0.47619,0.4878,0.5,0.51282,0.52632,0.54054,0.55556,0.57143,0.58824,0.60606,0.625,0.64516,0.66667,0.68966,0.71429,0.74074,0.76923,0.8,0.83333,0.86956,0.90908,0.95234,0.9999,1.05239,1.11054,1.1752,1.23728,1.32774,1.41753,1.51752,1.62838,1.75053,1.8841,2.02891,2.18448,2.35015,2.52507,2.70836,2.89907,3.09631,3.29921,3.50703,3.71902,3.93453,4.15301,4.37394,4.59687,4.82141,5.04718,5.27389,5.50124,5.72899,5.95691,6.1848,6.41249,6.6398,6.86661,7.09277,7.31818,7.54272,7.76632,7.98888,8.21034,8.43064,8.64971,8.86753,9.08403,9.2992,9.51301,9.72543,9.93643,10.14602,10.35418,10.5609,10.76618,10.97001,11.17239,11.37334,11.57284,11.77092,11.96757,12.1628,12.35663,12.54906,12.7401,12.92977,13.11808,13.30504,13.49066,13.67495,13.85794,14.03963,14.22004,14.39918,14.57706,14.7537,14.92912,15.10332,15.27632,15.44813,15.61878,15.78826,15.9566,16.1238,16.28989,16.45487,16.61875,16.78156,16.94329,17.10397,17.26361,17.42221,17.57979,17.73636,17.89193,18.04652,18.20013,18.35278,18.50447,18.65522,18.80504,18.95393,19.10191,19.24898,19.39571,19.54046,19.68489,19.82845,19.97115,20.113,20.25402,20.3942,20.53356